Track,Player,Placement,GP Number
Dandelion Depths,Tom,4,5
Dandelion Depths,Callum,1,5
Dandelion Depths,Connor,3,5
Dandelion Depths,Matthew,5,5
Great ? Block Ruins,Tom,4,5
Great ? Block Ruins,Callum,3,5
Great ? Block Ruins,Connor,1,5
Great ? Block Ruins,Matthew,11,5
Sky-High Sundae,Tom,1,5
Sky-High Sundae,Callum,2,5
Sky-High Sundae,Connor,3,5
Sky-High Sundae,Matthew,5,5
Mario Circuit,Tom,3,5
Mario Circuit,Callum,1,5
Mario Circuit,Connor,4,5
Mario Circuit,Matthew,7,5
Faraway Oasis,Tom,5,5
Faraway Oasis,Callum,3,5
Faraway Oasis,Connor,1,5
Faraway Oasis,Matthew,6,5
Starview Peak,Tom,2,5
Starview Peak,Callum,3,5
Starview Peak,Connor,1,5
Starview Peak,Matthew,5,5
Peach Beach,Tom,4,5
Peach Beach,Callum,1,5
Peach Beach,Connor,3,5
Peach Beach,Matthew,2,5
Moo Moo Meadows,Tom,2,5
Moo Moo Meadows,Callum,3,5
Moo Moo Meadows,Connor,1,5
Moo Moo Meadows,Matthew,5,5
Wario's Galleon,Tom,6,5
Wario's Galleon,Callum,3,5
Wario's Galleon,Connor,2,5
Wario's Galleon,Matthew,4,5
Dry Bones Burnout,Tom,7,5
Dry Bones Burnout,Callum,1,5
Dry Bones Burnout,Connor,2,5
Dry Bones Burnout,Matthew,4,5
DK Spaceport,Tom,4,5
DK Spaceport,Callum,2,5
DK Spaceport,Connor,1,5
DK Spaceport,Matthew,3,5
Shy Guy Bazaar,Tom,4,5
Shy Guy Bazaar,Callum,5,5
Shy Guy Bazaar,Connor,1,5
Shy Guy Bazaar,Matthew,6,5
Koopa Troopa Beach,Tom,1,5
Koopa Troopa Beach,Callum,4,5
Koopa Troopa Beach,Connor,3,5
Koopa Troopa Beach,Matthew,6,5
Desert Hills,Tom,2,5
Desert Hills,Callum,3,5
Desert Hills,Connor,1,5
Desert Hills,Matthew,5,5
Toad's Factory,Tom,3,5
Toad's Factory,Callum,2,5
Toad's Factory,Connor,1,5
Toad's Factory,Matthew,5,5
DK Spaceport,Tom,1,6
DK Spaceport,Callum,2,6
DK Spaceport,Connor,3,6
DK Spaceport,Matthew,6,6
Faraway Oasis,Tom,2,6
Faraway Oasis,Callum,5,6
Faraway Oasis,Connor,1,6
Faraway Oasis,Matthew,3,6
Airship Fortress,Tom,13,6
Airship Fortress,Callum,1,6
Airship Fortress,Connor,11,6
Airship Fortress,Matthew,4,6
Dandelion Depths,Tom,1,6
Dandelion Depths,Callum,5,6
Dandelion Depths,Connor,3,6
Dandelion Depths,Matthew,7,6
Sky-High Sundae,Tom,1,6
Sky-High Sundae,Callum,2,6
Sky-High Sundae,Connor,4,6
Sky-High Sundae,Matthew,3,6
Starview Peak,Tom,9,6
Starview Peak,Callum,2,6
Starview Peak,Connor,1,6
Starview Peak,Matthew,4,6
Great ? Block Ruins,Tom,1,6
Great ? Block Ruins,Callum,6,6
Great ? Block Ruins,Connor,11,6
Great ? Block Ruins,Matthew,8,6
Wario Stadium,Tom,3,6
Wario Stadium,Callum,6,6
Wario Stadium,Connor,4,6
Wario Stadium,Matthew,1,6
Mario Circuit,Tom,1,6
Mario Circuit,Callum,3,6
Mario Circuit,Connor,4,6
Mario Circuit,Matthew,2,6
Crown City,Tom,5,6
Crown City,Callum,3,6
Crown City,Connor,1,6
Crown City,Matthew,2,6
Crown City -> Mario Bros. Circuit,Tom,3,6
Crown City -> Mario Bros. Circuit,Callum,4,6
Crown City -> Mario Bros. Circuit,Connor,1,6
Crown City -> Mario Bros. Circuit,Matthew,2,6
Peach Beach -> Wario's Galleon,Tom,1,6
Peach Beach -> Wario's Galleon,Callum,7,6
Peach Beach -> Wario's Galleon,Connor,3,6
Peach Beach -> Wario's Galleon,Matthew,2,6
Toad's Factory,Tom,4,6
Toad's Factory,Callum,2,6
Toad's Factory,Connor,1,6
Toad's Factory,Matthew,3,6
Acorn Heights,Tom,1,6
Acorn Heights,Callum,2,6
Acorn Heights,Connor,7,6
Acorn Heights,Matthew,6,6
Koopa Troopa Beach,Tom,6,6
Koopa Troopa Beach,Callum,2,6
Koopa Troopa Beach,Connor,3,6
Koopa Troopa Beach,Matthew,1,6
Dry Bones Burnout,Tom,1,6
Dry Bones Burnout,Callum,4,6
Dry Bones Burnout,Connor,3,6
Dry Bones Burnout,Matthew,2,6
Rainbow Road,Tom,1,6
Rainbow Road,Callum,4,6
Rainbow Road,Connor,3,6
Rainbow Road,Matthew,2,6
Sky-High Sundae,Tom,6,7
Sky-High Sundae,Callum,2,7
Sky-High Sundae,Connor,4,7
Sky-High Sundae,Matthew,1,7
Peach Stadium,Tom,6,7
Peach Stadium,Callum,1,7
Peach Stadium,Connor,3,7
Peach Stadium,Matthew,2,7
Moo Moo Meadows,Tom,2,7
Moo Moo Meadows,Callum,5,7
Moo Moo Meadows,Connor,4,7
Moo Moo Meadows,Matthew,1,7
Toad's Factory,Tom,2,7
Toad's Factory,Callum,1,7
Toad's Factory,Connor,4,7
Toad's Factory,Matthew,3,7
Boo Cinema,Tom,4,7
Boo Cinema,Callum,5,7
Boo Cinema,Connor,6,7
Boo Cinema,Matthew,1,7
Salty Salty Speedway,Tom,3,7
Salty Salty Speedway,Callum,4,7
Salty Salty Speedway,Connor,2,7
Salty Salty Speedway,Matthew,5,7
Dry Bones Burnout,Tom,1,7
Dry Bones Burnout,Callum,5,7
Dry Bones Burnout,Connor,3,7
Dry Bones Burnout,Matthew,2,7
Desert Hills,Tom,7,7
Desert Hills,Callum,2,7
Desert Hills,Connor,4,7
Desert Hills,Matthew,1,7
Airship Fortress,Tom,5,7
Airship Fortress,Callum,2,7
Airship Fortress,Connor,1,7
Airship Fortress,Matthew,4,7
DK Pass,Tom,3,7
DK Pass,Callum,1,7
DK Pass,Connor,5,7
DK Pass,Matthew,2,7
Wario's Galleon,Tom,2,7
Wario's Galleon,Callum,3,7
Wario's Galleon,Connor,1,7
Wario's Galleon,Matthew,4,7
Crown City,Tom,3,7
Crown City,Callum,2,7
Crown City,Connor,1,7
Crown City,Matthew,6,7
Crown City -> Mario Bros. Circuit,Tom,5,7
Crown City -> Mario Bros. Circuit,Callum,1,7
Crown City -> Mario Bros. Circuit,Connor,2,7
Crown City -> Mario Bros. Circuit,Matthew,6,7
Great ? Block Ruins,Tom,5,7
Great ? Block Ruins,Callum,1,7
Great ? Block Ruins,Connor,6,7
Great ? Block Ruins,Matthew,3,7
Mario Circuit,Tom,5,7
Mario Circuit,Callum,3,7
Mario Circuit,Connor,2,7
Mario Circuit,Matthew,1,7
Shy Guy Bazaar,Tom,4,7
Shy Guy Bazaar,Callum,1,7
Shy Guy Bazaar,Connor,5,7
Shy Guy Bazaar,Matthew,3,7
Airship Fortress,Tom,5,8
Airship Fortress,Callum,3,8
Airship Fortress,Connor,2,8
Airship Fortress,Matthew,8,8
Moo Moo Meadows,Tom,5,8
Moo Moo Meadows,Callum,1,8
Moo Moo Meadows,Connor,3,8
Moo Moo Meadows,Matthew,4,8
Bowser's Castle,Tom,3,8
Bowser's Castle,Callum,1,8
Bowser's Castle,Connor,2,8
Bowser's Castle,Matthew,4,8
DK Pass,Tom,6,8
DK Pass,Callum,1,8
DK Pass,Connor,3,8
DK Pass,Matthew,2,8
Starview Peak,Tom,1,8
Starview Peak,Callum,2,8
Starview Peak,Connor,3,8
Starview Peak,Matthew,6,8
Crown City,Tom,1,8
Crown City,Callum,4,8
Crown City,Connor,3,8
Crown City,Matthew,2,8
Whistlestop Summit,Tom,1,8
Whistlestop Summit,Callum,4,8
Whistlestop Summit,Connor,3,8
Whistlestop Summit,Matthew,7,8
Mario Circuit,Tom,5,8
Mario Circuit,Callum,3,8
Mario Circuit,Connor,1,8
Mario Circuit,Matthew,4,8
Great ? Block Ruins,Tom,4,8
Great ? Block Ruins,Callum,3,8
Great ? Block Ruins,Connor,2,8
Great ? Block Ruins,Matthew,1,8
Mario Bros. Circuit,Tom,1,8
Mario Bros. Circuit,Callum,2,8
Mario Bros. Circuit,Connor,3,8
Mario Bros. Circuit,Matthew,4,8
Boo Cinema,Tom,2,8
Boo Cinema,Callum,3,8
Boo Cinema,Connor,6,8
Boo Cinema,Matthew,1,8
Dandelion Depths,Tom,1,8
Dandelion Depths,Callum,2,8
Dandelion Depths,Connor,3,8
Dandelion Depths,Matthew,4,8
Sky-High Sundae,Tom,1,8
Sky-High Sundae,Callum,3,8
Sky-High Sundae,Connor,7,8
Sky-High Sundae,Matthew,4,8
Peach Stadium,Tom,3,8
Peach Stadium,Callum,2,8
Peach Stadium,Connor,1,8
Peach Stadium,Matthew,4,8
Faraway Oasis,Tom,1,8
Faraway Oasis,Callum,4,8
Faraway Oasis,Connor,5,8
Faraway Oasis,Matthew,3,8
Dry Bones Burnout,Tom,3,8
Dry Bones Burnout,Callum,1,8
Dry Bones Burnout,Connor,2,8
Dry Bones Burnout,Matthew,4,8
Choco Mountain,Tom,2,9
Choco Mountain,Callum,1,9
Choco Mountain,Connor,3,9
Choco Mountain,Matthew,6,9
Dry Bones Burnout,Tom,2,9
Dry Bones Burnout,Callum,1,9
Dry Bones Burnout,Connor,4,9
Dry Bones Burnout,Matthew,3,9
Mario Bros. Circuit,Tom,1,9
Mario Bros. Circuit,Callum,2,9
Mario Bros. Circuit,Connor,3,9
Mario Bros. Circuit,Matthew,10,9
Bowser's Castle,Tom,2,9
Bowser's Castle,Callum,4,9
Bowser's Castle,Connor,3,9
Bowser's Castle,Matthew,5,9
Great ? Block Ruins,Tom,1,9
Great ? Block Ruins,Callum,6,9
Great ? Block Ruins,Connor,4,9
Great ? Block Ruins,Matthew,3,9
Airship Fortress,Tom,1,9
Airship Fortress,Callum,2,9
Airship Fortress,Connor,5,9
Airship Fortress,Matthew,7,9
Salty Salty Speedway,Tom,1,9
Salty Salty Speedway,Callum,4,9
Salty Salty Speedway,Connor,6,9
Salty Salty Speedway,Matthew,2,9
Wario's Galleon,Tom,2,9
Wario's Galleon,Callum,4,9
Wario's Galleon,Connor,1,9
Wario's Galleon,Matthew,6,9
Moo Moo Meadows,Tom,2,9
Moo Moo Meadows,Callum,4,9
Moo Moo Meadows,Connor,1,9
Moo Moo Meadows,Matthew,3,9
Whistlestop Summit,Tom,1,9
Whistlestop Summit,Callum,5,9
Whistlestop Summit,Connor,2,9
Whistlestop Summit,Matthew,4,9
Dandelion Depths,Tom,9,9
Dandelion Depths,Callum,1,9
Dandelion Depths,Connor,3,9
Dandelion Depths,Matthew,2,9
Cheep Cheep Falls,Tom,6,9
Cheep Cheep Falls,Callum,2,9
Cheep Cheep Falls,Connor,5,9
Cheep Cheep Falls,Matthew,3,9
Peach Beach,Tom,3,9
Peach Beach,Callum,1,9
Peach Beach,Connor,6,9
Peach Beach,Matthew,5,9
Faraway Oasis,Tom,4,9
Faraway Oasis,Callum,1,9
Faraway Oasis,Connor,3,9
Faraway Oasis,Matthew,5,9
DK Pass,Tom,3,9
DK Pass,Callum,1,9
DK Pass,Connor,4,9
DK Pass,Matthew,6,9
Rainbow Road,Tom,3,9
Rainbow Road,Callum,2,9
Rainbow Road,Connor,6,9
Rainbow Road,Matthew,1,9
Koopa Troopa Beach,Tom,3,10
Koopa Troopa Beach,Callum,1,10
Koopa Troopa Beach,Connor,4,10
Koopa Troopa Beach,Matthew,7,10
Whistlestop Summit,Tom,3,10
Whistlestop Summit,Callum,4,10
Whistlestop Summit,Connor,2,10
Whistlestop Summit,Matthew,1,10
DK Pass,Tom,1,10
DK Pass,Callum,3,10
DK Pass,Connor,6,10
DK Pass,Matthew,2,10
Cheep Cheep Falls,Tom,2,10
Cheep Cheep Falls,Callum,1,10
Cheep Cheep Falls,Connor,5,10
Cheep Cheep Falls,Matthew,4,10
Mario Circuit,Tom,5,10
Mario Circuit,Callum,2,10
Mario Circuit,Connor,1,10
Mario Circuit,Matthew,3,10
Peach Stadium,Tom,1,10
Peach Stadium,Callum,2,10
Peach Stadium,Connor,3,10
Peach Stadium,Matthew,4,10
Peach Beach,Tom,6,10
Peach Beach,Callum,1,10
Peach Beach,Connor,2,10
Peach Beach,Matthew,3,10
DK Spaceport,Tom,1,10
DK Spaceport,Callum,4,10
DK Spaceport,Connor,5,10
DK Spaceport,Matthew,2,10
Acorn Heights,Tom,4,10
Acorn Heights,Callum,2,10
Acorn Heights,Connor,1,10
Acorn Heights,Matthew,3,10
Choco Mountain,Tom,3,10
Choco Mountain,Callum,7,10
Choco Mountain,Connor,5,10
Choco Mountain,Matthew,4,10
Shy Guy Bazaar,Tom,1,10
Shy Guy Bazaar,Callum,3,10
Shy Guy Bazaar,Connor,4,10
Shy Guy Bazaar,Matthew,5,10
Salty Salty Speedway,Tom,3,10
Salty Salty Speedway,Callum,1,10
Salty Salty Speedway,Connor,9,10
Salty Salty Speedway,Matthew,2,10
Mario Bros. Circuit,Tom,11,10
Mario Bros. Circuit,Callum,2,10
Mario Bros. Circuit,Connor,1,10
Mario Bros. Circuit,Matthew,12,10
Starview Peak,Tom,4,10
Starview Peak,Callum,2,10
Starview Peak,Connor,1,10
Starview Peak,Matthew,6,10
Toad's Factory,Tom,3,10
Toad's Factory,Callum,7,10
Toad's Factory,Connor,1,10
Toad's Factory,Matthew,2,10
Airship Fortress,Tom,3,10
Airship Fortress,Callum,2,10
Airship Fortress,Connor,1,10
Airship Fortress,Matthew,5,10
Cheep Cheep Falls,Tom,6,11
Cheep Cheep Falls,Callum,3,11
Cheep Cheep Falls,Connor,2,11
Cheep Cheep Falls,Matthew,1,11
Mario Circuit,Tom,1,11
Mario Circuit,Callum,5,11
Mario Circuit,Connor,4,11
Mario Circuit,Matthew,11,11
DK Spaceport,Tom,2,11
DK Spaceport,Callum,4,11
DK Spaceport,Connor,3,11
DK Spaceport,Matthew,1,11
Choco Mountain,Tom,1,11
Choco Mountain,Callum,3,11
Choco Mountain,Connor,5,11
Choco Mountain,Matthew,6,11
Desert Hills,Tom,2,11
Desert Hills,Callum,1,11
Desert Hills,Connor,6,11
Desert Hills,Matthew,3,11
Mario Bros. Circuit,Tom,5,11
Mario Bros. Circuit,Callum,2,11
Mario Bros. Circuit,Connor,7,11
Mario Bros. Circuit,Matthew,1,11
Salty Salty Speedway,Tom,1,11
Salty Salty Speedway,Callum,2,11
Salty Salty Speedway,Connor,4,11
Salty Salty Speedway,Matthew,3,11
Wario Stadium,Tom,2,11
Wario Stadium,Callum,3,11
Wario Stadium,Connor,1,11
Wario Stadium,Matthew,5,11
Shy Guy Bazaar,Tom,1,11
Shy Guy Bazaar,Callum,3,11
Shy Guy Bazaar,Connor,6,11
Shy Guy Bazaar,Matthew,2,11
Airship Fortress,Tom,4,11
Airship Fortress,Callum,1,11
Airship Fortress,Connor,2,11
Airship Fortress,Matthew,6,11
Boo Cinema,Tom,4,11
Boo Cinema,Callum,3,11
Boo Cinema,Connor,1,11
Boo Cinema,Matthew,6,11
Crown City,Tom,1,11
Crown City,Callum,2,11
Crown City,Connor,5,11
Crown City,Matthew,6,11
Koopa Troopa Beach,Tom,3,11
Koopa Troopa Beach,Callum,2,11
Koopa Troopa Beach,Connor,1,11
Koopa Troopa Beach,Matthew,4,11
DK Pass,Tom,4,11
DK Pass,Callum,1,11
DK Pass,Connor,3,11
DK Pass,Matthew,2,11
Moo Moo Meadows,Tom,1,11
Moo Moo Meadows,Callum,3,11
Moo Moo Meadows,Connor,5,11
Moo Moo Meadows,Matthew,2,11
Dry Bones Burnout,Tom,2,11
Dry Bones Burnout,Callum,9,11
Dry Bones Burnout,Connor,5,11
Dry Bones Burnout,Matthew,1,11
Shy Guy Bazaar,Tom,2,12
Shy Guy Bazaar,Callum,1,12
Shy Guy Bazaar,Connor,3,12
Shy Guy Bazaar,Matthew,4,12
Sky-High Sundae,Tom,4,12
Sky-High Sundae,Callum,2,12
Sky-High Sundae,Connor,6,12
Sky-High Sundae,Matthew,1,12
Wario's Galleon,Tom,5,12
Wario's Galleon,Callum,7,12
Wario's Galleon,Connor,1,12
Wario's Galleon,Matthew,2,12
Dino Dino Jungle,Tom,1,12
Dino Dino Jungle,Callum,2,12
Dino Dino Jungle,Connor,3,12
Dino Dino Jungle,Matthew,5,12
Great ? Block Ruins,Tom,2,12
Great ? Block Ruins,Callum,1,12
Great ? Block Ruins,Connor,8,12
Great ? Block Ruins,Matthew,6,12
Bowser's Castle,Tom,1,12
Bowser's Castle,Callum,4,12
Bowser's Castle,Connor,2,12
Bowser's Castle,Matthew,3,12
Choco Mountain,Tom,6,12
Choco Mountain,Callum,2,12
Choco Mountain,Connor,1,12
Choco Mountain,Matthew,5,12
Mario Circuit,Tom,5,12
Mario Circuit,Callum,3,12
Mario Circuit,Connor,2,12
Mario Circuit,Matthew,1,12
Whistlestop Summit,Tom,2,12
Whistlestop Summit,Callum,1,12
Whistlestop Summit,Connor,3,12
Whistlestop Summit,Matthew,4,12
Wario Stadium,Tom,9,12
Wario Stadium,Callum,1,12
Wario Stadium,Connor,3,12
Wario Stadium,Matthew,2,12
Cheep Cheep Falls,Tom,7,12
Cheep Cheep Falls,Callum,3,12
Cheep Cheep Falls,Connor,2,12
Cheep Cheep Falls,Matthew,1,12
Boo Cinema,Tom,1,12
Boo Cinema,Callum,2,12
Boo Cinema,Connor,3,12
Boo Cinema,Matthew,4,12
DK Spaceport,Tom,2,12
DK Spaceport,Callum,1,12
DK Spaceport,Connor,3,12
DK Spaceport,Matthew,5,12
Peach Beach,Tom,3,12
Peach Beach,Callum,4,12
Peach Beach,Connor,2,12
Peach Beach,Matthew,1,12
Salty Salty Speedway,Tom,2,12
Salty Salty Speedway,Callum,3,12
Salty Salty Speedway,Connor,1,12
Salty Salty Speedway,Matthew,5,12
Toad's Factory,Tom,2,12
Toad's Factory,Callum,3,12
Toad's Factory,Connor,4,12
Toad's Factory,Matthew,1,12
Faraway Oasis,Tom,2,13
Faraway Oasis,Callum,3,13
Faraway Oasis,Connor,1,13
Faraway Oasis,Matthew,6,13
Moo Moo Meadows,Tom,4,13
Moo Moo Meadows,Callum,3,13
Moo Moo Meadows,Connor,2,13
Moo Moo Meadows,Matthew,1,13
Mario Circuit,Tom,4,13
Mario Circuit,Callum,5,13
Mario Circuit,Connor,1,13
Mario Circuit,Matthew,3,13
Dandelion Depths,Tom,2,13
Dandelion Depths,Callum,3,13
Dandelion Depths,Connor,1,13
Dandelion Depths,Matthew,5,13
Choco Mountain,Tom,2,13
Choco Mountain,Callum,5,13
Choco Mountain,Connor,1,13
Choco Mountain,Matthew,3,13
Mario Bros. Circuit,Tom,1,13
Mario Bros. Circuit,Callum,5,13
Mario Bros. Circuit,Connor,4,13
Mario Bros. Circuit,Matthew,2,13
Great ? Block Ruins,Tom,2,13
Great ? Block Ruins,Callum,4,13
Great ? Block Ruins,Connor,5,13
Great ? Block Ruins,Matthew,6,13
Koopa Troopa Beach,Tom,3,13
Koopa Troopa Beach,Callum,2,13
Koopa Troopa Beach,Connor,1,13
Koopa Troopa Beach,Matthew,6,13
Peach Stadium,Tom,1,13
Peach Stadium,Callum,5,13
Peach Stadium,Connor,2,13
Peach Stadium,Matthew,3,13
Sky-High Sundae,Tom,3,13
Sky-High Sundae,Callum,1,13
Sky-High Sundae,Connor,5,13
Sky-High Sundae,Matthew,2,13
Wario's Galleon,Tom,3,13
Wario's Galleon,Callum,2,13
Wario's Galleon,Connor,4,13
Wario's Galleon,Matthew,5,13
Shy Guy Bazaar,Tom,4,13
Shy Guy Bazaar,Callum,1,13
Shy Guy Bazaar,Connor,6,13
Shy Guy Bazaar,Matthew,5,13
Boo Cinema,Tom,2,13
Boo Cinema,Callum,1,13
Boo Cinema,Connor,5,13
Boo Cinema,Matthew,4,13
Dry Bones Burnout,Tom,8,13
Dry Bones Burnout,Callum,2,13
Dry Bones Burnout,Connor,1,13
Dry Bones Burnout,Matthew,4,13
DK Pass,Tom,6,13
DK Pass,Callum,3,13
DK Pass,Connor,1,13
DK Pass,Matthew,4,13
Whistlestop Summit,Tom,4,13
Whistlestop Summit,Callum,3,13
Whistlestop Summit,Connor,2,13
Whistlestop Summit,Matthew,1,13
Desert Hills,Tom,4,14
Desert Hills,Callum,1,14
Desert Hills,Connor,3,14
Desert Hills,Matthew,2,14
Koopa Troopa Beach,Tom,3,14
Koopa Troopa Beach,Callum,4,14
Koopa Troopa Beach,Connor,2,14
Koopa Troopa Beach,Matthew,1,14
Moo Moo Meadows,Tom,4,14
Moo Moo Meadows,Callum,1,14
Moo Moo Meadows,Connor,3,14
Moo Moo Meadows,Matthew,5,14
Whistlestop Summit,Tom,3,14
Whistlestop Summit,Callum,4,14
Whistlestop Summit,Connor,1,14
Whistlestop Summit,Matthew,2,14
Mario Circuit,Tom,1,14
Mario Circuit,Callum,4,14
Mario Circuit,Connor,3,14
Mario Circuit,Matthew,8,14
DK Spaceport,Tom,4,14
DK Spaceport,Callum,1,14
DK Spaceport,Connor,3,14
DK Spaceport,Matthew,2,14
Dry Bones Burnout,Tom,13,14
Dry Bones Burnout,Callum,1,14
Dry Bones Burnout,Connor,2,14
Dry Bones Burnout,Matthew,5,14
Wario's Galleon,Tom,4,14
Wario's Galleon,Callum,3,14
Wario's Galleon,Connor,1,14
Wario's Galleon,Matthew,2,14
Dandelion Depths,Tom,2,14
Dandelion Depths,Callum,3,14
Dandelion Depths,Connor,6,14
Dandelion Depths,Matthew,1,14
Crown City,Tom,1,14
Crown City,Callum,2,14
Crown City,Connor,6,14
Crown City,Matthew,4,14
Airship Fortress,Tom,5,14
Airship Fortress,Callum,3,14
Airship Fortress,Connor,1,14
Airship Fortress,Matthew,2,14
Sky-High Sundae,Tom,2,14
Sky-High Sundae,Callum,5,14
Sky-High Sundae,Connor,1,14
Sky-High Sundae,Matthew,6,14
Dino Dino Jungle,Tom,4,14
Dino Dino Jungle,Callum,1,14
Dino Dino Jungle,Connor,3,14
Dino Dino Jungle,Matthew,2,14
Shy Guy Bazaar,Tom,5,14
Shy Guy Bazaar,Callum,1,14
Shy Guy Bazaar,Connor,3,14
Shy Guy Bazaar,Matthew,2,14
Peach Stadium,Tom,5,14
Peach Stadium,Callum,3,14
Peach Stadium,Connor,1,14
Peach Stadium,Matthew,2,14
Rainbow Road,Tom,1,14
Rainbow Road,Callum,2,14
Rainbow Road,Connor,3,14
Rainbow Road,Matthew,6,14
Cheep Cheep Falls,Tom,3,15
Cheep Cheep Falls,Callum,2,15
Cheep Cheep Falls,Connor,6,15
Cheep Cheep Falls,Matthew,1,15
Whistlestop Summit,Tom,3,15
Whistlestop Summit,Callum,4,15
Whistlestop Summit,Connor,5,15
Whistlestop Summit,Matthew,1,15
Dry Bones Burnout,Tom,2,15
Dry Bones Burnout,Callum,1,15
Dry Bones Burnout,Connor,3,15
Dry Bones Burnout,Matthew,6,15
Dino Dino Jungle,Tom,2,15
Dino Dino Jungle,Callum,1,15
Dino Dino Jungle,Connor,3,15
Dino Dino Jungle,Matthew,4,15
Choco Mountain,Tom,1,15
Choco Mountain,Callum,4,15
Choco Mountain,Connor,3,15
Choco Mountain,Matthew,7,15
Great ? Block Ruins,Tom,2,15
Great ? Block Ruins,Callum,1,15
Great ? Block Ruins,Connor,5,15
Great ? Block Ruins,Matthew,6,15
DK Spaceport,Tom,1,15
DK Spaceport,Callum,2,15
DK Spaceport,Connor,4,15
DK Spaceport,Matthew,6,15
Airship Fortress,Tom,2,15
Airship Fortress,Callum,5,15
Airship Fortress,Connor,1,15
Airship Fortress,Matthew,3,15
Dandelion Depths,Tom,1,15
Dandelion Depths,Callum,3,15
Dandelion Depths,Connor,5,15
Dandelion Depths,Matthew,4,15
Crown City,Tom,1,15
Crown City,Callum,3,15
Crown City,Connor,4,15
Crown City,Matthew,2,15
Mario Circuit,Tom,5,15
Mario Circuit,Callum,4,15
Mario Circuit,Connor,6,15
Mario Circuit,Matthew,1,15
Starview Peak,Tom,1,15
Starview Peak,Callum,4,15
Starview Peak,Connor,2,15
Starview Peak,Matthew,3,15
Peach Beach,Tom,2,15
Peach Beach,Callum,4,15
Peach Beach,Connor,3,15
Peach Beach,Matthew,1,15
Acorn Heights,Tom,1,15
Acorn Heights,Callum,2,15
Acorn Heights,Connor,7,15
Acorn Heights,Matthew,3,15
Wario Stadium,Tom,2,15
Wario Stadium,Callum,1,15
Wario Stadium,Connor,6,15
Wario Stadium,Matthew,5,15
Boo Cinema,Tom,1,15
Boo Cinema,Callum,3,15
Boo Cinema,Connor,4,15
Boo Cinema,Matthew,2,15
DK Pass,Tom,2,16
DK Pass,Callum,1,16
DK Pass,Connor,4,16
DK Pass,Matthew,5,16
Mario Circuit,Tom,4,16
Mario Circuit,Callum,3,16
Mario Circuit,Connor,1,16
Mario Circuit,Matthew,2,16
Moo Moo Meadows,Tom,1,16
Moo Moo Meadows,Callum,3,16
Moo Moo Meadows,Connor,4,16
Moo Moo Meadows,Matthew,2,16
Faraway Oasis,Tom,2,16
Faraway Oasis,Callum,1,16
Faraway Oasis,Connor,3,16
Faraway Oasis,Matthew,5,16
Bowser's Castle,Tom,1,16
Bowser's Castle,Callum,2,16
Bowser's Castle,Connor,3,16
Bowser's Castle,Matthew,12,16
Koopa Troopa Beach,Tom,2,16
Koopa Troopa Beach,Callum,4,16
Koopa Troopa Beach,Connor,3,16
Koopa Troopa Beach,Matthew,1,16
Shy Guy Bazaar,Tom,4,16
Shy Guy Bazaar,Callum,3,16
Shy Guy Bazaar,Connor,1,16
Shy Guy Bazaar,Matthew,8,16
Dino Dino Jungle,Tom,4,16
Dino Dino Jungle,Callum,3,16
Dino Dino Jungle,Connor,1,16
Dino Dino Jungle,Matthew,2,16
Airship Fortress,Tom,4,16
Airship Fortress,Callum,3,16
Airship Fortress,Connor,1,16
Airship Fortress,Matthew,2,16
Peach Stadium,Tom,3,16
Peach Stadium,Callum,1,16
Peach Stadium,Connor,2,16
Peach Stadium,Matthew,4,16
Peach Beach,Tom,1,16
Peach Beach,Callum,5,16
Peach Beach,Connor,8,16
Peach Beach,Matthew,6,16
Starview Peak,Tom,4,16
Starview Peak,Callum,1,16
Starview Peak,Connor,5,16
Starview Peak,Matthew,2,16
Whistlestop Summit,Tom,2,16
Whistlestop Summit,Callum,3,16
Whistlestop Summit,Connor,4,16
Whistlestop Summit,Matthew,1,16
Mario Bros. Circuit,Tom,1,16
Mario Bros. Circuit,Callum,3,16
Mario Bros. Circuit,Connor,2,16
Mario Bros. Circuit,Matthew,5,16
Dry Bones Burnout,Tom,1,16
Dry Bones Burnout,Callum,2,16
Dry Bones Burnout,Connor,3,16
Dry Bones Burnout,Matthew,5,16
Dandelion Depths,Tom,3,16
Dandelion Depths,Callum,5,16
Dandelion Depths,Connor,2,16
Dandelion Depths,Matthew,1,16
Mario Circuit,Tom,2,17
Mario Circuit,Callum,3,17
Mario Circuit,Connor,5,17
Mario Circuit,Matthew,1,17
Mario Circuit,Evan,4,17
Mario Bros. Circuit,Tom,1,17
Mario Bros. Circuit,Callum,2,17
Mario Bros. Circuit,Connor,5,17
Mario Bros. Circuit,Matthew,4,17
Mario Bros. Circuit,Evan,6,17
Peach Stadium,Tom,1,17
Peach Stadium,Callum,3,17
Peach Stadium,Connor,4,17
Peach Stadium,Matthew,5,17
Peach Stadium,Evan,2,17
Dandelion Depths,Tom,2,17
Dandelion Depths,Callum,1,17
Dandelion Depths,Connor,3,17
Dandelion Depths,Matthew,4,17
Dandelion Depths,Evan,6,17
Cheep Cheep Falls,Tom,3,17
Cheep Cheep Falls,Callum,4,17
Cheep Cheep Falls,Connor,1,17
Cheep Cheep Falls,Matthew,2,17
Cheep Cheep Falls,Evan,5,17
Whistlestop Summit,Tom,1,17
Whistlestop Summit,Callum,4,17
Whistlestop Summit,Connor,7,17
Whistlestop Summit,Matthew,3,17
Whistlestop Summit,Evan,6,17
DK Pass,Tom,2,17
DK Pass,Callum,3,17
DK Pass,Connor,9,17
DK Pass,Matthew,1,17
DK Pass,Evan,5,17
Acorn Heights,Tom,5,17
Acorn Heights,Callum,2,17
Acorn Heights,Connor,6,17
Acorn Heights,Matthew,1,17
Acorn Heights,Evan,3,17
Dry Bones Burnout,Tom,3,17
Dry Bones Burnout,Callum,2,17
Dry Bones Burnout,Connor,1,17
Dry Bones Burnout,Matthew,6,17
Dry Bones Burnout,Evan,5,17
Shy Guy Bazaar,Tom,1,17
Shy Guy Bazaar,Callum,4,17
Shy Guy Bazaar,Connor,3,17
Shy Guy Bazaar,Matthew,2,17
Shy Guy Bazaar,Evan,6,17
Desert Hills,Tom,3,17
Desert Hills,Callum,1,17
Desert Hills,Connor,2,17
Desert Hills,Matthew,6,17
Desert Hills,Evan,7,17
Koopa Troopa Beach,Tom,1,17
Koopa Troopa Beach,Callum,5,17
Koopa Troopa Beach,Connor,2,17
Koopa Troopa Beach,Matthew,8,17
Koopa Troopa Beach,Evan,4,17
Boo Cinema,Tom,2,17
Boo Cinema,Callum,1,17
Boo Cinema,Connor,5,17
Boo Cinema,Matthew,3,17
Boo Cinema,Evan,4,17
Salty Salty Speedway,Tom,3,17
Salty Salty Speedway,Callum,1,17
Salty Salty Speedway,Connor,2,17
Salty Salty Speedway,Matthew,9,17
Salty Salty Speedway,Evan,8,17
Wario Stadium,Tom,4,17
Wario Stadium,Callum,3,17
Wario Stadium,Connor,1,17
Wario Stadium,Matthew,2,17
Wario Stadium,Evan,5,17
Great ? Block Ruins,Tom,1,17
Great ? Block Ruins,Callum,2,17
Great ? Block Ruins,Connor,3,17
Great ? Block Ruins,Matthew,24,17
Great ? Block Ruins,Evan,11,17
Great ? Block Ruins,Tom,1,18
Great ? Block Ruins,Callum,6,18
Great ? Block Ruins,Connor,4,18
Great ? Block Ruins,Matthew,2,18
Great ? Block Ruins,Evan,3,18
Dandelion Depths,Tom,6,18
Dandelion Depths,Callum,1,18
Dandelion Depths,Connor,5,18
Dandelion Depths,Matthew,3,18
Dandelion Depths,Evan,4,18
Airship Fortress,Tom,3,18
Airship Fortress,Callum,2,18
Airship Fortress,Connor,4,18
Airship Fortress,Matthew,1,18
Airship Fortress,Evan,7,18
Starview Peak,Tom,2,18
Starview Peak,Callum,1,18
Starview Peak,Connor,3,18
Starview Peak,Matthew,11,18
Starview Peak,Evan,6,18
Desert Hills,Tom,1,18
Desert Hills,Callum,2,18
Desert Hills,Connor,5,18
Desert Hills,Matthew,3,18
Desert Hills,Evan,4,18
Koopa Troopa Beach,Tom,1,18
Koopa Troopa Beach,Callum,8,18
Koopa Troopa Beach,Connor,6,18
Koopa Troopa Beach,Matthew,4,18
Koopa Troopa Beach,Evan,2,18
Bowser's Castle,Tom,1,18
Bowser's Castle,Callum,2,18
Bowser's Castle,Connor,4,18
Bowser's Castle,Matthew,3,18
Bowser's Castle,Evan,6,18
Mario Circuit,Tom,2,18
Mario Circuit,Callum,1,18
Mario Circuit,Connor,3,18
Mario Circuit,Matthew,6,18
Mario Circuit,Evan,4,18
Dino Dino Jungle,Tom,3,18
Dino Dino Jungle,Callum,1,18
Dino Dino Jungle,Connor,2,18
Dino Dino Jungle,Matthew,4,18
Dino Dino Jungle,Evan,5,18
Wario's Galleon,Tom,3,18
Wario's Galleon,Callum,1,18
Wario's Galleon,Connor,2,18
Wario's Galleon,Matthew,4,18
Wario's Galleon,Evan,7,18
Faraway Oasis,Tom,4,18
Faraway Oasis,Callum,1,18
Faraway Oasis,Connor,3,18
Faraway Oasis,Matthew,5,18
Faraway Oasis,Evan,6,18
Acorn Heights,Tom,4,18
Acorn Heights,Callum,2,18
Acorn Heights,Connor,1,18
Acorn Heights,Matthew,3,18
Acorn Heights,Evan,7,18
DK Pass,Tom,1,18
DK Pass,Callum,4,18
DK Pass,Connor,5,18
DK Pass,Matthew,2,18
DK Pass,Evan,7,18
Wario Stadium,Tom,2,18
Wario Stadium,Callum,3,18
Wario Stadium,Connor,1,18
Wario Stadium,Matthew,5,18
Wario Stadium,Evan,4,18
Crown City,Tom,2,18
Crown City,Callum,1,18
Crown City,Connor,3,18
Crown City,Matthew,6,18
Crown City,Evan,6,18
DK Spaceport,Tom,4,18
DK Spaceport,Callum,6,18
DK Spaceport,Connor,2,18
DK Spaceport,Matthew,1,18
DK Spaceport,Evan,3,18
Dry Bones Burnout,Tom,12,19
Dry Bones Burnout,Callum,5,19
Dry Bones Burnout,Connor,1,19
Dry Bones Burnout,Matthew,2,19
Dry Bones Burnout,Evan,4,19
Wario Stadium,Tom,1,19
Wario Stadium,Callum,2,19
Wario Stadium,Connor,5,19
Wario Stadium,Matthew,3,19
Wario Stadium,Evan,4,19
Salty Salty Speedway,Tom,5,19
Salty Salty Speedway,Callum,1,19
Salty Salty Speedway,Connor,2,19
Salty Salty Speedway,Matthew,3,19
Salty Salty Speedway,Evan,8,19
Crown City,Tom,1,19
Crown City,Callum,2,19
Crown City,Connor,6,19
Crown City,Matthew,3,19
Crown City,Evan,5,19
Crown City -> Moo Moo Meadows,Tom,2,19
Crown City -> Moo Moo Meadows,Callum,3,19
Crown City -> Moo Moo Meadows,Connor,5,19
Crown City -> Moo Moo Meadows,Matthew,1,19
Crown City -> Moo Moo Meadows,Evan,6,19
Boo Cinema,Tom,11,19
Boo Cinema,Callum,1,19
Boo Cinema,Connor,3,19
Boo Cinema,Matthew,5,19
Boo Cinema,Evan,2,19
Acorn Heights,Tom,3,19
Acorn Heights,Callum,2,19
Acorn Heights,Connor,9,19
Acorn Heights,Matthew,1,19
Acorn Heights,Evan,5,19
Sky-High Sundae,Tom,2,19
Sky-High Sundae,Callum,5,19
Sky-High Sundae,Connor,3,19
Sky-High Sundae,Matthew,1,19
Sky-High Sundae,Evan,4,19
Bowser's Castle,Tom,11,19
Bowser's Castle,Callum,1,19
Bowser's Castle,Connor,4,19
Bowser's Castle,Matthew,2,19
Bowser's Castle,Evan,3,19
Great ? Block Ruins,Tom,2,19
Great ? Block Ruins,Callum,4,19
Great ? Block Ruins,Connor,6,19
Great ? Block Ruins,Matthew,5,19
Great ? Block Ruins,Evan,7,19
Peach Stadium,Tom,1,19
Peach Stadium,Callum,3,19
Peach Stadium,Connor,2,19
Peach Stadium,Matthew,5,19
Peach Stadium,Evan,4,19
Moo Moo Meadows,Tom,1,19
Moo Moo Meadows,Callum,3,19
Moo Moo Meadows,Connor,4,19
Moo Moo Meadows,Matthew,7,19
Moo Moo Meadows,Evan,2,19
Dandelion Depths,Tom,2,19
Dandelion Depths,Callum,6,19
Dandelion Depths,Connor,5,19
Dandelion Depths,Matthew,3,19
Dandelion Depths,Evan,1,19
Desert Hills,Tom,4,19
Desert Hills,Callum,7,19
Desert Hills,Connor,2,19
Desert Hills,Matthew,1,19
Desert Hills,Evan,3,19
Starview Peak,Tom,4,19
Starview Peak,Callum,2,19
Starview Peak,Connor,3,19
Starview Peak,Matthew,1,19
Starview Peak,Evan,5,19
DK Spaceport,Tom,3,19
DK Spaceport,Callum,1,19
DK Spaceport,Connor,3,19
DK Spaceport,Matthew,5,19
DK Spaceport,Evan,4,19
Dry Bones Burnout,Tom,5,20
Dry Bones Burnout,Callum,9,20
Dry Bones Burnout,Connor,4,20
Dry Bones Burnout,Matthew,3,20
Dry Bones Burnout,Evan,7,20
Faraway Oasis,Tom,3,20
Faraway Oasis,Callum,1,20
Faraway Oasis,Connor,2,20
Faraway Oasis,Matthew,5,20
Faraway Oasis,Evan,7,20
Shy Guy Bazaar,Tom,4,20
Shy Guy Bazaar,Callum,1,20
Shy Guy Bazaar,Connor,3,20
Shy Guy Bazaar,Matthew,8,20
Shy Guy Bazaar,Evan,13,20
Dandelion Depths,Tom,4,20
Dandelion Depths,Callum,2,20
Dandelion Depths,Connor,5,20
Dandelion Depths,Matthew,1,20
Dandelion Depths,Evan,6,20
Peach Stadium,Tom,4,20
Peach Stadium,Callum,2,20
Peach Stadium,Connor,1,20
Peach Stadium,Matthew,5,20
Peach Stadium,Evan,3,20
Acorn Heights,Tom,1,20
Acorn Heights,Callum,6,20
Acorn Heights,Connor,3,20
Acorn Heights,Matthew,7,20
Acorn Heights,Evan,2,20
Starview Peak,Tom,2,20
Starview Peak,Callum,3,20
Starview Peak,Connor,1,20
Starview Peak,Matthew,4,20
Starview Peak,Evan,5,20
Whistlestop Summit,Tom,1,20
Whistlestop Summit,Callum,11,20
Whistlestop Summit,Connor,3,20
Whistlestop Summit,Matthew,4,20
Whistlestop Summit,Evan,5,20
Mario Circuit,Tom,2,20
Mario Circuit,Callum,6,20
Mario Circuit,Connor,1,20
Mario Circuit,Matthew,7,20
Mario Circuit,Evan,4,20
DK Pass,Tom,1,20
DK Pass,Callum,2,20
DK Pass,Connor,5,20
DK Pass,Matthew,3,20
DK Pass,Evan,4,20
Great ? Block Ruins,Tom,3,20
Great ? Block Ruins,Callum,2,20
Great ? Block Ruins,Connor,1,20
Great ? Block Ruins,Matthew,7,20
Great ? Block Ruins,Evan,4,20
Peach Beach,Tom,5,20
Peach Beach,Callum,2,20
Peach Beach,Connor,1,20
Peach Beach,Matthew,3,20
Peach Beach,Evan,7,20
Crown City,Tom,1,20
Crown City,Callum,4,20
Crown City,Connor,2,20
Crown City,Matthew,5,20
Crown City,Evan,6,20
Wario's Galleon,Tom,4,20
Wario's Galleon,Callum,3,20
Wario's Galleon,Connor,13,20
Wario's Galleon,Matthew,1,20
Wario's Galleon,Evan,5,20
Mario Bros. Circuit,Tom,3,20
Mario Bros. Circuit,Callum,2,20
Mario Bros. Circuit,Connor,1,20
Mario Bros. Circuit,Matthew,11,20
Mario Bros. Circuit,Evan,4,20
Salty Salty Speedway,Tom,2,20
Salty Salty Speedway,Callum,5,20
Salty Salty Speedway,Connor,4,20
Salty Salty Speedway,Matthew,3,20
Salty Salty Speedway,Evan,1,20
Dandelion Depths,Tom,3,21
Dandelion Depths,Callum,2,21
Dandelion Depths,Connor,4,21
Dandelion Depths,Matthew,1,21
Dandelion Depths,Evan,5,21
Boo Cinema,Tom,4,21
Boo Cinema,Callum,2,21
Boo Cinema,Connor,1,21
Boo Cinema,Matthew,6,21
Boo Cinema,Evan,7,21
DK Pass,Tom,6,21
DK Pass,Callum,2,21
DK Pass,Connor,1,21
DK Pass,Matthew,4,21
DK Pass,Evan,5,21
Faraway Oasis,Tom,9,21
Faraway Oasis,Callum,1,21
Faraway Oasis,Connor,4,21
Faraway Oasis,Matthew,5,21
Faraway Oasis,Evan,3,21
Mario Circuit,Tom,7,21
Mario Circuit,Callum,2,21
Mario Circuit,Connor,5,21
Mario Circuit,Matthew,1,21
Mario Circuit,Evan,4,21
Cheep Cheep Falls,Tom,4,21
Cheep Cheep Falls,Callum,2,21
Cheep Cheep Falls,Connor,10,21
Cheep Cheep Falls,Matthew,1,21
Cheep Cheep Falls,Evan,11,21
Wario's Galleon,Tom,3,21
Wario's Galleon,Callum,5,21
Wario's Galleon,Connor,1,21
Wario's Galleon,Matthew,4,21
Wario's Galleon,Evan,2,21
Wario Stadium,Tom,7,21
Wario Stadium,Callum,3,21
Wario Stadium,Connor,2,21
Wario Stadium,Matthew,1,21
Wario Stadium,Evan,6,21
Koopa Troopa Beach,Tom,2,21
Koopa Troopa Beach,Callum,3,21
Koopa Troopa Beach,Connor,9,21
Koopa Troopa Beach,Matthew,4,21
Koopa Troopa Beach,Evan,1,21
Dino Dino Jungle,Tom,3,21
Dino Dino Jungle,Callum,2,21
Dino Dino Jungle,Connor,1,21
Dino Dino Jungle,Matthew,4,21
Dino Dino Jungle,Evan,4,21
DK Spaceport,Tom,5,21
DK Spaceport,Callum,2,21
DK Spaceport,Connor,4,21
DK Spaceport,Matthew,1,21
DK Spaceport,Evan,3,21
Toad's Factory,Tom,1,21
Toad's Factory,Callum,5,21
Toad's Factory,Connor,3,21
Toad's Factory,Matthew,8,21
Toad's Factory,Evan,6,21
Choco Mountain,Tom,12,21
Choco Mountain,Callum,3,21
Choco Mountain,Connor,1,21
Choco Mountain,Matthew,5,21
Choco Mountain,Evan,2,21
Moo Moo Meadows,Tom,2,21
Moo Moo Meadows,Callum,3,21
Moo Moo Meadows,Connor,4,21
Moo Moo Meadows,Matthew,1,21
Moo Moo Meadows,Evan,6,21
Bowser's Castle,Tom,2,21
Bowser's Castle,Callum,1,21
Bowser's Castle,Connor,3,21
Bowser's Castle,Matthew,7,21
Bowser's Castle,Evan,6,21
Rainbow Road,Tom,1,21
Rainbow Road,Callum,3,21
Rainbow Road,Connor,2,21
Rainbow Road,Matthew,4,21
Rainbow Road,Evan,6,21
DK Spaceport,Tom,10,22
DK Spaceport,Callum,8,22
DK Spaceport,Connor,1,22
DK Spaceport,Matthew,2,22
DK Spaceport,Evan,13,22
DK Spaceport,Steve,11,22
DK Pass,Tom,3,22
DK Pass,Callum,1,22
DK Pass,Connor,6,22
DK Pass,Matthew,4,22
DK Pass,Evan,7,22
DK Pass,Steve,11,22
Desert Hills,Tom,1,22
Desert Hills,Callum,3,22
Desert Hills,Connor,4,22
Desert Hills,Matthew,5,22
Desert Hills,Evan,2,22
Desert Hills,Steve,7,22
Boo Cinema,Tom,10,22
Boo Cinema,Callum,3,22
Boo Cinema,Connor,1,22
Boo Cinema,Matthew,6,22
Boo Cinema,Evan,8,22
Boo Cinema,Steve,5,22
Dino Dino Jungle,Tom,3,22
Dino Dino Jungle,Callum,2,22
Dino Dino Jungle,Connor,1,22
Dino Dino Jungle,Matthew,4,22
Dino Dino Jungle,Evan,5,22
Dino Dino Jungle,Steve,6,22
Peach Stadium,Tom,2,22
Peach Stadium,Callum,1,22
Peach Stadium,Connor,13,22
Peach Stadium,Matthew,5,22
Peach Stadium,Evan,3,22
Peach Stadium,Steve,11,22
Bowser's Castle,Tom,3,22
Bowser's Castle,Callum,2,22
Bowser's Castle,Connor,1,22
Bowser's Castle,Matthew,7,22
Bowser's Castle,Evan,8,22
Bowser's Castle,Steve,15,22
Dry Bones Burnout,Tom,2,22
Dry Bones Burnout,Callum,4,22
Dry Bones Burnout,Connor,10,22
Dry Bones Burnout,Matthew,1,22
Dry Bones Burnout,Evan,9,22
Dry Bones Burnout,Steve,11,22
Airship Fortress,Tom,1,22
Airship Fortress,Callum,4,22
Airship Fortress,Connor,3,22
Airship Fortress,Matthew,2,22
Airship Fortress,Evan,6,22
Airship Fortress,Steve,10,22
Wario's Galleon,Tom,4,22
Wario's Galleon,Callum,1,22
Wario's Galleon,Connor,2,22
Wario's Galleon,Matthew,9,22
Wario's Galleon,Evan,7,22
Wario's Galleon,Steve,12,22
Salty Salty Speedway,Tom,2,22
Salty Salty Speedway,Callum,4,22
Salty Salty Speedway,Connor,5,22
Salty Salty Speedway,Matthew,1,22
Salty Salty Speedway,Evan,7,22
Salty Salty Speedway,Steve,6,22
Starview Peak,Tom,1,22
Starview Peak,Callum,4,22
Starview Peak,Connor,11,22
Starview Peak,Matthew,6,22
Starview Peak,Evan,2,22
Starview Peak,Steve,8,22
Peach Beach,Tom,3,22
Peach Beach,Callum,1,22
Peach Beach,Connor,4,22
Peach Beach,Matthew,5,22
Peach Beach,Evan,2,22
Peach Beach,Steve,8,22
Wario Stadium,Tom,2,22
Wario Stadium,Callum,4,22
Wario Stadium,Connor,6,22
Wario Stadium,Matthew,1,22
Wario Stadium,Evan,8,22
Wario Stadium,Steve,3,22
Shy Guy Bazaar,Tom,6,22
Shy Guy Bazaar,Callum,4,22
Shy Guy Bazaar,Connor,5,22
Shy Guy Bazaar,Matthew,1,22
Shy Guy Bazaar,Evan,2,22
Shy Guy Bazaar,Steve,8,22
Rainbow Road,Tom,2,22
Rainbow Road,Callum,8,22
Rainbow Road,Connor,3,22
Rainbow Road,Matthew,1,22
Rainbow Road,Evan,4,22
Rainbow Road,Steve,10,22
Bowser's Castle,Tom,4,23
Bowser's Castle,Callum,3,23
Bowser's Castle,Connor,1,23
Bowser's Castle,Matthew,2,23
Bowser's Castle,Evan,5,23
Bowser's Castle,Steve,12,23
Peach Stadium,Tom,4,23
Peach Stadium,Callum,5,23
Peach Stadium,Connor,2,23
Peach Stadium,Matthew,1,23
Peach Stadium,Evan,7,23
Peach Stadium,Steve,6,23
Boo Cinema,Tom,5,23
Boo Cinema,Callum,1,23
Boo Cinema,Connor,2,23
Boo Cinema,Matthew,4,23
Boo Cinema,Evan,6,23
Boo Cinema,Steve,8,23
DK Spaceport,Tom,2,23
DK Spaceport,Callum,3,23
DK Spaceport,Connor,4,23
DK Spaceport,Matthew,1,23
DK Spaceport,Evan,5,23
DK Spaceport,Steve,6,23
Faraway Oasis,Tom,3,23
Faraway Oasis,Callum,2,23
Faraway Oasis,Connor,4,23
Faraway Oasis,Matthew,1,23
Faraway Oasis,Evan,5,23
Faraway Oasis,Steve,6,23
Wario Stadium,Tom,2,23
Wario Stadium,Callum,5,23
Wario Stadium,Connor,2,23
Wario Stadium,Matthew,1,23
Wario Stadium,Evan,4,23
Wario Stadium,Steve,9,23
Crown City,Tom,5,23
Crown City,Callum,4,23
Crown City,Connor,1,23
Crown City,Matthew,6,23
Crown City,Evan,7,23
Crown City,Steve,2,23
Acorn Heights,Tom,3,23
Acorn Heights,Callum,2,23
Acorn Heights,Connor,5,23
Acorn Heights,Matthew,4,23
Acorn Heights,Evan,1,23
Acorn Heights,Steve,9,23
Great ? Block Ruins,Tom,9,23
Great ? Block Ruins,Callum,7,23
Great ? Block Ruins,Connor,1,23
Great ? Block Ruins,Matthew,6,23
Great ? Block Ruins,Evan,4,23
Great ? Block Ruins,Steve,11,23
Starview Peak,Tom,1,23
Starview Peak,Callum,5,23
Starview Peak,Connor,6,23
Starview Peak,Matthew,2,23
Starview Peak,Evan,3,23
Starview Peak,Steve,8,23
Wario's Galleon,Tom,3,23
Wario's Galleon,Callum,7,23
Wario's Galleon,Connor,1,23
Wario's Galleon,Matthew,8,23
Wario's Galleon,Evan,4,23
Wario's Galleon,Steve,6,23
Peach Beach,Tom,4,23
Peach Beach,Callum,2,23
Peach Beach,Connor,1,23
Peach Beach,Matthew,6,23
Peach Beach,Evan,5,23
Peach Beach,Steve,3,23
Desert Hills,Tom,1,23
Desert Hills,Callum,4,23
Desert Hills,Connor,2,23
Desert Hills,Matthew,9,23
Desert Hills,Evan,3,23
Desert Hills,Steve,8,23
Mario Circuit,Tom,4,23
Mario Circuit,Callum,5,23
Mario Circuit,Connor,6,23
Mario Circuit,Matthew,1,23
Mario Circuit,Evan,3,23
Mario Circuit,Steve,8,23
Mario Circuit,Tom,3,23
Mario Circuit,Callum,2,23
Mario Circuit,Connor,5,23
Mario Circuit,Matthew,1,23
Mario Circuit,Evan,7,23
Mario Circuit,Steve,4,23
Airship Fortress,Tom,4,23
Airship Fortress,Callum,5,23
Airship Fortress,Connor,1,23
Airship Fortress,Matthew,2,23
Airship Fortress,Evan,3,23
Airship Fortress,Steve,9,23
Dry Bones Burnout,Tom,4,24
Dry Bones Burnout,Callum,3,24
Dry Bones Burnout,Connor,2,24
Dry Bones Burnout,Matthew,1,24
Dry Bones Burnout,Evan,12,24
Dry Bones Burnout,Steve,13,24
Dino Dino Jungle,Tom,5,24
Dino Dino Jungle,Callum,8,24
Dino Dino Jungle,Connor,2,24
Dino Dino Jungle,Matthew,1,24
Dino Dino Jungle,Evan,3,24
Dino Dino Jungle,Steve,4,24
Salty Salty Speedway,Tom,2,24
Salty Salty Speedway,Callum,3,24
Salty Salty Speedway,Connor,6,24
Salty Salty Speedway,Matthew,1,24
Salty Salty Speedway,Evan,5,24
Salty Salty Speedway,Steve,4,24
Mario Bros. Circuit,Tom,9,24
Mario Bros. Circuit,Callum,2,24
Mario Bros. Circuit,Connor,1,24
Mario Bros. Circuit,Matthew,6,24
Mario Bros. Circuit,Evan,3,24
Mario Bros. Circuit,Steve,7,24
Acorn Heights,Tom,2,24
Acorn Heights,Callum,4,24
Acorn Heights,Connor,9,24
Acorn Heights,Matthew,5,24
Acorn Heights,Evan,3,24
Acorn Heights,Steve,8,24
Shy Guy Bazaar,Tom,4,24
Shy Guy Bazaar,Callum,2,24
Shy Guy Bazaar,Connor,1,24
Shy Guy Bazaar,Matthew,7,24
Shy Guy Bazaar,Evan,6,24
Shy Guy Bazaar,Steve,12,24
Sky-High Sundae,Tom,5,24
Sky-High Sundae,Callum,3,24
Sky-High Sundae,Connor,13,24
Sky-High Sundae,Matthew,1,24
Sky-High Sundae,Evan,6,24
Sky-High Sundae,Steve,2,24
Faraway Oasis,Tom,8,24
Faraway Oasis,Callum,5,24
Faraway Oasis,Connor,1,24
Faraway Oasis,Matthew,2,24
Faraway Oasis,Evan,10,24
Faraway Oasis,Steve,4,24
Toad's Factory,Tom,5,24
Toad's Factory,Callum,4,24
Toad's Factory,Connor,2,24
Toad's Factory,Matthew,1,24
Toad's Factory,Evan,7,24
Toad's Factory,Steve,10,24
Starview Peak,Tom,1,24
Starview Peak,Callum,10,24
Starview Peak,Connor,3,24
Starview Peak,Matthew,2,24
Starview Peak,Evan,6,24
Starview Peak,Steve,5,24
Cheep Cheep Falls,Tom,1,24
Cheep Cheep Falls,Callum,2,24
Cheep Cheep Falls,Connor,3,24
Cheep Cheep Falls,Matthew,5,24
Cheep Cheep Falls,Evan,4,24
Cheep Cheep Falls,Steve,7,24
DK Spaceport,Tom,1,24
DK Spaceport,Callum,4,24
DK Spaceport,Connor,3,24
DK Spaceport,Matthew,2,24
DK Spaceport,Evan,8,24
DK Spaceport,Steve,5,24
Airship Fortress,Tom,6,24
Airship Fortress,Callum,5,24
Airship Fortress,Connor,1,24
Airship Fortress,Matthew,2,24
Airship Fortress,Evan,4,24
Airship Fortress,Steve,7,24
Wario's Galleon,Tom,4,24
Wario's Galleon,Callum,2,24
Wario's Galleon,Connor,1,24
Wario's Galleon,Matthew,5,24
Wario's Galleon,Evan,3,24
Wario's Galleon,Steve,12,24
Boo Cinema,Tom,1,24
Boo Cinema,Callum,6,24
Boo Cinema,Connor,3,24
Boo Cinema,Matthew,2,24
Boo Cinema,Evan,8,24
Boo Cinema,Steve,5,24
Peach Beach,Tom,3,24
Peach Beach,Callum,1,24
Peach Beach,Connor,5,24
Peach Beach,Matthew,2,24
Peach Beach,Evan,6,24
Peach Beach,Steve,4,24
Acorn Heights,Tom,1,25
Acorn Heights,Callum,5,25
Acorn Heights,Connor,3,25
Acorn Heights,Matthew,4,25
Dandelion Depths,Tom,1,25
Dandelion Depths,Callum,2,25
Dandelion Depths,Connor,3,25
Dandelion Depths,Matthew,4,25
Wario's Galleon,Tom,2,25
Wario's Galleon,Callum,5,25
Wario's Galleon,Connor,6,25
Wario's Galleon,Matthew,1,25
Toad's Factory,Tom,1,25
Toad's Factory,Callum,2,25
Toad's Factory,Connor,3,25
Toad's Factory,Matthew,5,25
Dino Dino Jungle,Tom,4,25
Dino Dino Jungle,Callum,1,25
Dino Dino Jungle,Connor,5,25
Dino Dino Jungle,Matthew,3,25
Starview Peak,Tom,3,25
Starview Peak,Callum,2,25
Starview Peak,Connor,1,25
Starview Peak,Matthew,4,25
Moo Moo Meadows,Tom,3,25
Moo Moo Meadows,Callum,1,25
Moo Moo Meadows,Connor,2,25
Moo Moo Meadows,Matthew,8,25
Whistlestop Summit,Tom,5,25
Whistlestop Summit,Callum,4,25
Whistlestop Summit,Connor,1,25
Whistlestop Summit,Matthew,2,25
Peach Stadium,Tom,4,25
Peach Stadium,Callum,1,25
Peach Stadium,Connor,3,25
Peach Stadium,Matthew,2,25
Airship Fortress,Tom,7,25
Airship Fortress,Callum,1,25
Airship Fortress,Connor,2,25
Airship Fortress,Matthew,4,25
Choco Mountain,Tom,5,25
Choco Mountain,Callum,3,25
Choco Mountain,Connor,1,25
Choco Mountain,Matthew,2,25
Mario Circuit,Tom,6,25
Mario Circuit,Callum,5,25
Mario Circuit,Connor,2,25
Mario Circuit,Matthew,1,25
Shy Guy Bazaar,Tom,3,25
Shy Guy Bazaar,Callum,1,25
Shy Guy Bazaar,Connor,2,25
Shy Guy Bazaar,Matthew,5,25
DK Pass,Tom,2,25
DK Pass,Callum,3,25
DK Pass,Connor,1,25
DK Pass,Matthew,4,25
Salty Salty Speedway,Tom,1,25
Salty Salty Speedway,Callum,3,25
Salty Salty Speedway,Connor,5,25
Salty Salty Speedway,Matthew,4,25
Rainbow Road,Tom,1,25
Rainbow Road,Callum,5,25
Rainbow Road,Connor,2,25
Rainbow Road,Matthew,3,25
Faraway Oasis,Tom,2,26
Faraway Oasis,Callum,10,26
Faraway Oasis,Connor,1,26
Faraway Oasis,Matthew,9,26
Faraway Oasis,Evan,5,26
Faraway Oasis,Steve,6,26
Dry Bones Burnout,Tom,3,26
Dry Bones Burnout,Callum,7,26
Dry Bones Burnout,Connor,2,26
Dry Bones Burnout,Matthew,1,26
Dry Bones Burnout,Evan,4,26
Dry Bones Burnout,Steve,5,26
Salty Salty Speedway,Tom,1,26
Salty Salty Speedway,Callum,2,26
Salty Salty Speedway,Connor,6,26
Salty Salty Speedway,Matthew,4,26
Salty Salty Speedway,Evan,3,26
Salty Salty Speedway,Steve,5,26
Koopa Troopa Beach,Tom,3,26
Koopa Troopa Beach,Callum,15,26
Koopa Troopa Beach,Connor,4,26
Koopa Troopa Beach,Matthew,1,26
Koopa Troopa Beach,Evan,5,26
Koopa Troopa Beach,Steve,13,26
DK Spaceport,Tom,3,26
DK Spaceport,Callum,4,26
DK Spaceport,Connor,1,26
DK Spaceport,Matthew,6,26
DK Spaceport,Evan,2,26
DK Spaceport,Steve,5,26
Bowser's Castle,Tom,2,26
Bowser's Castle,Callum,3,26
Bowser's Castle,Connor,1,26
Bowser's Castle,Matthew,12,26
Bowser's Castle,Evan,6,26
Bowser's Castle,Steve,4,26
Wario Stadium,Tom,2,26
Wario Stadium,Callum,1,26
Wario Stadium,Connor,4,26
Wario Stadium,Matthew,5,26
Wario Stadium,Evan,3,26
Wario Stadium,Steve,9,26
Whistlestop Summit,Tom,1,26
Whistlestop Summit,Callum,3,26
Whistlestop Summit,Connor,12,26
Whistlestop Summit,Matthew,2,26
Whistlestop Summit,Evan,9,26
Whistlestop Summit,Steve,4,26
DK Pass,Tom,3,26
DK Pass,Callum,1,26
DK Pass,Connor,5,26
DK Pass,Matthew,2,26
DK Pass,Evan,7,26
DK Pass,Steve,9,26
Starview Peak,Tom,1,26
Starview Peak,Callum,3,26
Starview Peak,Connor,6,26
Starview Peak,Matthew,2,26
Starview Peak,Evan,9,26
Starview Peak,Steve,5,26
Airship Fortress,Tom,2,26
Airship Fortress,Callum,8,26
Airship Fortress,Connor,1,26
Airship Fortress,Matthew,3,26
Airship Fortress,Evan,6,26
Airship Fortress,Steve,7,26
Choco Mountain,Tom,1,26
Choco Mountain,Callum,4,26
Choco Mountain,Connor,3,26
Choco Mountain,Matthew,7,26
Choco Mountain,Evan,5,26
Choco Mountain,Steve,10,26
Toad's Factory,Tom,1,26
Toad's Factory,Callum,5,26
Toad's Factory,Connor,2,26
Toad's Factory,Matthew,7,26
Toad's Factory,Evan,4,26
Toad's Factory,Steve,6,26
Wario's Galleon,Tom,4,26
Wario's Galleon,Callum,3,26
Wario's Galleon,Connor,1,26
Wario's Galleon,Matthew,6,26
Wario's Galleon,Evan,5,26
Wario's Galleon,Steve,2,26
Shy Guy Bazaar,Tom,2,26
Shy Guy Bazaar,Callum,4,26
Shy Guy Bazaar,Connor,1,26
Shy Guy Bazaar,Matthew,3,26
Shy Guy Bazaar,Evan,6,26
Shy Guy Bazaar,Steve,7,26
Acorn Heights,Tom,2,26
Acorn Heights,Callum,3,26
Acorn Heights,Connor,1,26
Acorn Heights,Matthew,4,26
Acorn Heights,Evan,5,26
Acorn Heights,Steve,6,26
Bowser's Castle,Tom,3,27
Bowser's Castle,Callum,4,27
Bowser's Castle,Connor,1,27
Bowser's Castle,Matthew,2,27
Bowser's Castle,Evan,7,27
Bowser's Castle,Steve,5,27
Peach Beach,Tom,10,27
Peach Beach,Callum,2,27
Peach Beach,Connor,5,27
Peach Beach,Matthew,1,27
Peach Beach,Evan,6,27
Peach Beach,Steve,4,27
Whistlestop Summit,Tom,3,27
Whistlestop Summit,Callum,1,27
Whistlestop Summit,Connor,4,27
Whistlestop Summit,Matthew,2,27
Whistlestop Summit,Evan,5,27
Whistlestop Summit,Steve,7,27
Mario Circuit,Tom,3,27
Mario Circuit,Callum,1,27
Mario Circuit,Connor,6,27
Mario Circuit,Matthew,5,27
Mario Circuit,Evan,4,27
Mario Circuit,Steve,2,27
Crown City,Tom,1,27
Crown City,Callum,5,27
Crown City,Connor,2,27
Crown City,Matthew,3,27
Crown City,Evan,6,27
Crown City,Steve,4,27
Boo Cinema,Tom,5,27
Boo Cinema,Callum,1,27
Boo Cinema,Connor,2,27
Boo Cinema,Matthew,3,27
Boo Cinema,Evan,6,27
Boo Cinema,Steve,7,27
Acorn Heights,Tom,2,27
Acorn Heights,Callum,3,27
Acorn Heights,Connor,1,27
Acorn Heights,Matthew,4,27
Acorn Heights,Evan,6,27
Acorn Heights,Steve,7,27
Toad's Factory,Tom,3,27
Toad's Factory,Callum,1,27
Toad's Factory,Connor,2,27
Toad's Factory,Matthew,4,27
Toad's Factory,Evan,6,27
Toad's Factory,Steve,11,27
Dry Bones Burnout,Tom,8,27
Dry Bones Burnout,Callum,1,27
Dry Bones Burnout,Connor,2,27
Dry Bones Burnout,Matthew,7,27
Dry Bones Burnout,Evan,6,27
Dry Bones Burnout,Steve,4,27
Salty Salty Speedway,Tom,1,27
Salty Salty Speedway,Callum,4,27
Salty Salty Speedway,Connor,6,27
Salty Salty Speedway,Matthew,9,27
Salty Salty Speedway,Evan,2,27
Salty Salty Speedway,Steve,5,27
Mario Circuit,Tom,2,27
Mario Circuit,Callum,5,27
Mario Circuit,Connor,1,27
Mario Circuit,Matthew,7,27
Mario Circuit,Evan,3,27
Mario Circuit,Steve,4,27
Koopa Troopa Beach,Tom,1,27
Koopa Troopa Beach,Callum,5,27
Koopa Troopa Beach,Connor,3,27
Koopa Troopa Beach,Matthew,4,27
Koopa Troopa Beach,Evan,11,27
Koopa Troopa Beach,Steve,2,27
Choco Mountain,Tom,7,27
Choco Mountain,Callum,1,27
Choco Mountain,Connor,2,27
Choco Mountain,Matthew,5,27
Choco Mountain,Evan,4,27
Choco Mountain,Steve,3,27
Airship Fortress,Tom,3,27
Airship Fortress,Callum,2,27
Airship Fortress,Connor,5,27
Airship Fortress,Matthew,1,27
Airship Fortress,Evan,8,27
Airship Fortress,Steve,10,27
Wario Stadium,Tom,2,27
Wario Stadium,Callum,1,27
Wario Stadium,Connor,5,27
Wario Stadium,Matthew,3,27
Wario Stadium,Evan,4,27
Wario Stadium,Steve,6,27
Moo Moo Meadows,Tom,2,27
Moo Moo Meadows,Callum,1,27
Moo Moo Meadows,Connor,4,27
Moo Moo Meadows,Matthew,3,27
Moo Moo Meadows,Evan,7,27
Moo Moo Meadows,Steve,10,27
Shy Guy Bazaar,Tom,3,28
Shy Guy Bazaar,Callum,1,28
Shy Guy Bazaar,Connor,5,28
Shy Guy Bazaar,Matthew,2,28
Shy Guy Bazaar,Steve,7,28
Mario Bros. Circuit,Tom,6,28
Mario Bros. Circuit,Callum,1,28
Mario Bros. Circuit,Connor,7,28
Mario Bros. Circuit,Matthew,2,28
Mario Bros. Circuit,Steve,4,28
Toad's Factory,Tom,1,28
Toad's Factory,Callum,3,28
Toad's Factory,Connor,5,28
Toad's Factory,Matthew,4,28
Toad's Factory,Steve,9,28
Cheep Cheep Falls,Tom,4,28
Cheep Cheep Falls,Callum,6,28
Cheep Cheep Falls,Connor,1,28
Cheep Cheep Falls,Matthew,3,28
Cheep Cheep Falls,Steve,5,28
Choco Mountain,Tom,5,28
Choco Mountain,Callum,2,28
Choco Mountain,Connor,1,28
Choco Mountain,Matthew,4,28
Choco Mountain,Steve,3,28
Acorn Heights,Tom,5,28
Acorn Heights,Callum,1,28
Acorn Heights,Connor,2,28
Acorn Heights,Matthew,7,28
Acorn Heights,Steve,3,28
Boo Cinema,Tom,7,28
Boo Cinema,Callum,1,28
Boo Cinema,Connor,4,28
Boo Cinema,Matthew,2,28
Boo Cinema,Steve,5,28
DK Spaceport,Tom,1,28
DK Spaceport,Callum,2,28
DK Spaceport,Connor,4,28
DK Spaceport,Matthew,3,28
DK Spaceport,Steve,6,28
DK Pass,Tom,2,28
DK Pass,Callum,3,28
DK Pass,Connor,4,28
DK Pass,Matthew,7,28
DK Pass,Steve,1,28
Mario Circuit,Tom,2,28
Mario Circuit,Callum,8,28
Mario Circuit,Connor,1,28
Mario Circuit,Matthew,6,28
Mario Circuit,Steve,3,28
Mario Circuit -> Moo Moo Meadows,Tom,2,28
Mario Circuit -> Moo Moo Meadows,Callum,6,28
Mario Circuit -> Moo Moo Meadows,Connor,1,28
Mario Circuit -> Moo Moo Meadows,Matthew,3,28
Mario Circuit -> Moo Moo Meadows,Steve,4,28
Wario Stadium,Tom,5,28
Wario Stadium,Callum,2,28
Wario Stadium,Connor,6,28
Wario Stadium,Matthew,1,28
Wario Stadium,Steve,3,28
Koopa Troopa Beach,Tom,2,28
Koopa Troopa Beach,Callum,1,28
Koopa Troopa Beach,Connor,3,28
Koopa Troopa Beach,Matthew,9,28
Koopa Troopa Beach,Steve,4,28
Starview Peak,Tom,2,28
Starview Peak,Callum,3,28
Starview Peak,Connor,5,28
Starview Peak,Matthew,1,28
Starview Peak,Steve,6,28
Peach Stadium,Tom,7,28
Peach Stadium,Callum,3,28
Peach Stadium,Connor,1,28
Peach Stadium,Matthew,5,28
Peach Stadium,Steve,2,28
Faraway Oasis,Tom,1,28
Faraway Oasis,Callum,5,28
Faraway Oasis,Connor,2,28
Faraway Oasis,Matthew,7,28
Faraway Oasis,Steve,3,28
Dandelion Depths,Tom,1,29
Dandelion Depths,Callum,3,29
Dandelion Depths,Connor,2,29
Dandelion Depths,Matthew,6,29
Dandelion Depths,Steve,4,29
Airship Fortress,Tom,2,29
Airship Fortress,Callum,12,29
Airship Fortress,Connor,4,29
Airship Fortress,Matthew,1,29
Airship Fortress,Steve,7,29
Dino Dino Jungle,Tom,1,29
Dino Dino Jungle,Callum,2,29
Dino Dino Jungle,Connor,3,29
Dino Dino Jungle,Matthew,5,29
Dino Dino Jungle,Steve,4,29
Wario's Galleon,Tom,2,29
Wario's Galleon,Callum,3,29
Wario's Galleon,Connor,1,29
Wario's Galleon,Matthew,6,29
Wario's Galleon,Steve,4,29
Mario Bros. Circuit,Tom,2,29
Mario Bros. Circuit,Callum,1,29
Mario Bros. Circuit,Connor,7,29
Mario Bros. Circuit,Matthew,3,29
Mario Bros. Circuit,Steve,4,29
Whistlestop Summit,Tom,4,29
Whistlestop Summit,Callum,7,29
Whistlestop Summit,Connor,3,29
Whistlestop Summit,Matthew,1,29
Whistlestop Summit,Steve,6,29
DK Pass,Tom,1,29
DK Pass,Callum,2,29
DK Pass,Connor,7,29
DK Pass,Matthew,3,29
DK Pass,Steve,4,29
Koopa Troopa Beach,Tom,2,29
Koopa Troopa Beach,Callum,6,29
Koopa Troopa Beach,Connor,1,29
Koopa Troopa Beach,Matthew,3,29
Koopa Troopa Beach,Steve,4,29
DK Spaceport,Tom,3,29
DK Spaceport,Callum,5,29
DK Spaceport,Connor,1,29
DK Spaceport,Matthew,2,29
DK Spaceport,Steve,8,29
Shy Guy Bazaar,Tom,2,29
Shy Guy Bazaar,Callum,5,29
Shy Guy Bazaar,Connor,1,29
Shy Guy Bazaar,Matthew,3,29
Shy Guy Bazaar,Steve,6,29
Wario Stadium,Tom,1,29
Wario Stadium,Callum,4,29
Wario Stadium,Connor,3,29
Wario Stadium,Matthew,5,29
Wario Stadium,Steve,2,29
Great ? Block Ruins,Tom,2,29
Great ? Block Ruins,Callum,5,29
Great ? Block Ruins,Connor,1,29
Great ? Block Ruins,Matthew,9,29
Great ? Block Ruins,Steve,10,29
Salty Salty Speedway,Tom,2,29
Salty Salty Speedway,Callum,7,29
Salty Salty Speedway,Connor,8,29
Salty Salty Speedway,Matthew,1,29
Salty Salty Speedway,Steve,4,29
Sky-High Sundae,Tom,3,29
Sky-High Sundae,Callum,4,29
Sky-High Sundae,Connor,1,29
Sky-High Sundae,Matthew,2,29
Sky-High Sundae,Steve,5,29
Mario Circuit,Tom,5,29
Mario Circuit,Callum,4,29
Mario Circuit,Connor,3,29
Mario Circuit,Matthew,1,29
Mario Circuit,Steve,6,29
Bowser's Castle,Tom,3,29
Bowser's Castle,Callum,4,29
Bowser's Castle,Connor,2,29
Bowser's Castle,Matthew,1,29
Bowser's Castle,Steve,5,29
Cheep Cheep Falls,Tom,2,30
Cheep Cheep Falls,Callum,1,30
Cheep Cheep Falls,Connor,6,30
Cheep Cheep Falls,Matthew,7,30
Cheep Cheep Falls,Steve,3,30
Koopa Troopa Beach,Tom,2,30
Koopa Troopa Beach,Callum,4,30
Koopa Troopa Beach,Connor,1,30
Koopa Troopa Beach,Matthew,3,30
Koopa Troopa Beach,Steve,5,30
DK Spaceport,Tom,5,30
DK Spaceport,Callum,4,30
DK Spaceport,Connor,1,30
DK Spaceport,Matthew,3,30
DK Spaceport,Steve,2,30
Faraway Oasis,Tom,2,30
Faraway Oasis,Callum,6,30
Faraway Oasis,Connor,5,30
Faraway Oasis,Matthew,1,30
Faraway Oasis,Steve,3,30
Dry Bones Burnout,Tom,2,30
Dry Bones Burnout,Callum,1,30
Dry Bones Burnout,Connor,4,30
Dry Bones Burnout,Matthew,5,30
Dry Bones Burnout,Steve,3,30
Wario Stadium,Tom,3,30
Wario Stadium,Callum,4,30
Wario Stadium,Connor,1,30
Wario Stadium,Matthew,5,30
Wario Stadium,Steve,2,30
Desert Hills,Tom,3,30
Desert Hills,Callum,2,30
Desert Hills,Connor,4,30
Desert Hills,Matthew,5,30
Desert Hills,Steve,1,30
Boo Cinema,Tom,6,30
Boo Cinema,Callum,4,30
Boo Cinema,Connor,3,30
Boo Cinema,Matthew,1,30
Boo Cinema,Steve,5,30
Wario's Galleon,Tom,5,30
Wario's Galleon,Callum,7,30
Wario's Galleon,Connor,2,30
Wario's Galleon,Matthew,1,30
Wario's Galleon,Steve,4,30
Salty Salty Speedway,Tom,1,30
Salty Salty Speedway,Callum,9,30
Salty Salty Speedway,Connor,7,30
Salty Salty Speedway,Matthew,3,30
Salty Salty Speedway,Steve,2,30
Peach Stadium,Tom,6,30
Peach Stadium,Callum,2,30
Peach Stadium,Connor,3,30
Peach Stadium,Matthew,1,30
Peach Stadium,Steve,5,30
Peach Beach,Tom,7,30
Peach Beach,Callum,3,30
Peach Beach,Connor,4,30
Peach Beach,Matthew,2,30
Peach Beach,Steve,6,30
Bowser's Castle,Tom,1,30
Bowser's Castle,Callum,2,30
Bowser's Castle,Connor,3,30
Bowser's Castle,Matthew,4,30
Bowser's Castle,Steve,5,30
Acorn Heights,Tom,7,30
Acorn Heights,Callum,2,30
Acorn Heights,Connor,1,30
Acorn Heights,Matthew,3,30
Acorn Heights,Steve,4,30
Moo Moo Meadows,Tom,3,30
Moo Moo Meadows,Callum,2,30
Moo Moo Meadows,Connor,5,30
Moo Moo Meadows,Matthew,4,30
Moo Moo Meadows,Steve,1,30
Rainbow Road,Tom,1,30
Rainbow Road,Callum,3,30
Rainbow Road,Connor,7,30
Rainbow Road,Matthew,2,30
Rainbow Road,Steve,4,30
Boo Cinema,Tom,6,31
Boo Cinema,Callum,2,31
Boo Cinema,Matthew,1,31
Boo Cinema,Evan,3,31
Airship Fortress,Tom,4,31
Airship Fortress,Callum,1,31
Airship Fortress,Matthew,2,31
Airship Fortress,Evan,7,31
DK Pass,Tom,13,31
DK Pass,Callum,1,31
DK Pass,Matthew,5,31
DK Pass,Evan,3,31
Starview Peak,Tom,4,31
Starview Peak,Callum,1,31
Starview Peak,Matthew,3,31
Starview Peak,Evan,5,31
Peach Stadium,Tom,1,31
Peach Stadium,Callum,3,31
Peach Stadium,Matthew,4,31
Peach Stadium,Evan,2,31
Whistlestop Summit,Tom,3,31
Whistlestop Summit,Callum,1,31
Whistlestop Summit,Matthew,2,31
Whistlestop Summit,Evan,5,31
Peach Beach,Tom,11,31
Peach Beach,Callum,3,31
Peach Beach,Matthew,1,31
Peach Beach,Evan,2,31
Koopa Troopa Beach,Tom,9,31
Koopa Troopa Beach,Callum,3,31
Koopa Troopa Beach,Matthew,1,31
Koopa Troopa Beach,Evan,2,31
Toad's Factory,Tom,4,31
Toad's Factory,Callum,2,31
Toad's Factory,Matthew,1,31
Toad's Factory,Evan,6,31
Shy Guy Bazaar,Tom,6,31
Shy Guy Bazaar,Callum,2,31
Shy Guy Bazaar,Matthew,3,31
Shy Guy Bazaar,Evan,4,31
Cheep Cheep Falls,Tom,1,31
Cheep Cheep Falls,Callum,2,31
Cheep Cheep Falls,Matthew,3,31
Cheep Cheep Falls,Evan,6,31
Faraway Oasis,Tom,1,31
Faraway Oasis,Callum,2,31
Faraway Oasis,Matthew,5,31
Faraway Oasis,Evan,4,31
Great ? Block Ruins,Tom,2,31
Great ? Block Ruins,Callum,3,31
Great ? Block Ruins,Matthew,1,31
Great ? Block Ruins,Evan,6,31
Wario's Galleon,Tom,3,31
Wario's Galleon,Callum,1,31
Wario's Galleon,Matthew,2,31
Wario's Galleon,Evan,6,31
Crown City,Tom,2,31
Crown City,Callum,3,31
Crown City,Matthew,1,31
Crown City,Evan,4,31
Rainbow Road,Tom,2,31
Rainbow Road,Callum,1,31
Rainbow Road,Matthew,24,31
Rainbow Road,Evan,3,31